"filename", "language", "Python", "JavaScript", "Markdown", "vue", "pip requirements", "Ini", "JSON", "JSON with Comments", "HTML", "PostCSS", "XML", "comment", "blank", "total"
"c:\Users\mathew.macharia\OneDrive - Ashesi University\personal projects\vegas_backup\copy_24\vegas_inc\backend\README.md", "Markdown", 0, 0, 1017, 0, 0, 0, 0, 0, 0, 0, 0, 0, 222, 1239
"c:\Users\mathew.macharia\OneDrive - Ashesi University\personal projects\vegas_backup\copy_24\vegas_inc\backend\backend_docs\ADMIN_SETUP.md", "Markdown", 0, 0, 146, 0, 0, 0, 0, 0, 0, 0, 0, 0, 42, 188
"c:\Users\mathew.macharia\OneDrive - Ashesi University\personal projects\vegas_backup\copy_24\vegas_inc\backend\backend_docs\DISTANCE_BASED_DELIVERY_IMPLEMENTATION.md", "Markdown", 0, 0, 149, 0, 0, 0, 0, 0, 0, 0, 0, 0, 43, 192
"c:\Users\mathew.macharia\OneDrive - Ashesi University\personal projects\vegas_backup\copy_24\vegas_inc\backend\backend_docs\IMPLEMENTATION_SUMMARY.md", "Markdown", 0, 0, 102, 0, 0, 0, 0, 0, 0, 0, 0, 0, 33, 135
"c:\Users\mathew.macharia\OneDrive - Ashesi University\personal projects\vegas_backup\copy_24\vegas_inc\backend\backend_docs\MPESA_INTEGRATION_GUIDE.md", "Markdown", 0, 0, 214, 0, 0, 0, 0, 0, 0, 0, 0, 0, 53, 267
"c:\Users\mathew.macharia\OneDrive - Ashesi University\personal projects\vegas_backup\copy_24\vegas_inc\backend\backend_docs\PAYMENT_SESSION_API_GUIDE.md", "Markdown", 0, 0, 302, 0, 0, 0, 0, 0, 0, 0, 0, 0, 60, 362
"c:\Users\mathew.macharia\OneDrive - Ashesi University\personal projects\vegas_backup\copy_24\vegas_inc\backend\backend_docs\VEGAS_BACKEND_WORKFLOW_DOCUMENTATION.md", "Markdown", 0, 0, 80, 0, 0, 0, 0, 0, 0, 0, 0, 0, 77, 157
"c:\Users\mathew.macharia\OneDrive - Ashesi University\personal projects\vegas_backup\copy_24\vegas_inc\backend\carts\__init__.py", "Python", 0, 0, 0, 0, 0, 0, 0, 0, 0, 0, 0, 0, 1, 1
"c:\Users\mathew.macharia\OneDrive - Ashesi University\personal projects\vegas_backup\copy_24\vegas_inc\backend\carts\admin.py", "Python", 27, 0, 0, 0, 0, 0, 0, 0, 0, 0, 0, 0, 9, 36
"c:\Users\mathew.macharia\OneDrive - Ashesi University\personal projects\vegas_backup\copy_24\vegas_inc\backend\carts\apps.py", "Python", 4, 0, 0, 0, 0, 0, 0, 0, 0, 0, 0, 0, 3, 7
"c:\Users\mathew.macharia\OneDrive - Ashesi University\personal projects\vegas_backup\copy_24\vegas_inc\backend\carts\migrations\0001_initial.py", "Python", 39, 0, 0, 0, 0, 0, 0, 0, 0, 0, 0, 1, 7, 47
"c:\Users\mathew.macharia\OneDrive - Ashesi University\personal projects\vegas_backup\copy_24\vegas_inc\backend\carts\migrations\__init__.py", "Python", 0, 0, 0, 0, 0, 0, 0, 0, 0, 0, 0, 0, 1, 1
"c:\Users\mathew.macharia\OneDrive - Ashesi University\personal projects\vegas_backup\copy_24\vegas_inc\backend\carts\models.py", "Python", 95, 0, 0, 0, 0, 0, 0, 0, 0, 0, 0, 23, 23, 141
"c:\Users\mathew.macharia\OneDrive - Ashesi University\personal projects\vegas_backup\copy_24\vegas_inc\backend\carts\serializers.py", "Python", 109, 0, 0, 0, 0, 0, 0, 0, 0, 0, 0, 49, 28, 186
"c:\Users\mathew.macharia\OneDrive - Ashesi University\personal projects\vegas_backup\copy_24\vegas_inc\backend\carts\tests.py", "Python", 264, 0, 0, 0, 0, 0, 0, 0, 0, 0, 0, 41, 59, 364
"c:\Users\mathew.macharia\OneDrive - Ashesi University\personal projects\vegas_backup\copy_24\vegas_inc\backend\carts\urls.py", "Python", 9, 0, 0, 0, 0, 0, 0, 0, 0, 0, 0, 0, 3, 12
"c:\Users\mathew.macharia\OneDrive - Ashesi University\personal projects\vegas_backup\copy_24\vegas_inc\backend\carts\views.py", "Python", 313, 0, 0, 0, 0, 0, 0, 0, 0, 0, 0, 72, 74, 459
"c:\Users\mathew.macharia\OneDrive - Ashesi University\personal projects\vegas_backup\copy_24\vegas_inc\backend\communication\__init__.py", "Python", 0, 0, 0, 0, 0, 0, 0, 0, 0, 0, 0, 0, 1, 1
"c:\Users\mathew.macharia\OneDrive - Ashesi University\personal projects\vegas_backup\copy_24\vegas_inc\backend\communication\admin.py", "Python", 32, 0, 0, 0, 0, 0, 0, 0, 0, 0, 0, 0, 4, 36
"c:\Users\mathew.macharia\OneDrive - Ashesi University\personal projects\vegas_backup\copy_24\vegas_inc\backend\communication\apps.py", "Python", 4, 0, 0, 0, 0, 0, 0, 0, 0, 0, 0, 0, 3, 7
"c:\Users\mathew.macharia\OneDrive - Ashesi University\personal projects\vegas_backup\copy_24\vegas_inc\backend\communication\migrations\0001_initial.py", "Python", 76, 0, 0, 0, 0, 0, 0, 0, 0, 0, 0, 1, 7, 84
"c:\Users\mathew.macharia\OneDrive - Ashesi University\personal projects\vegas_backup\copy_24\vegas_inc\backend\communication\migrations\0002_faq.py", "Python", 32, 0, 0, 0, 0, 0, 0, 0, 0, 0, 0, 1, 6, 39
"c:\Users\mathew.macharia\OneDrive - Ashesi University\personal projects\vegas_backup\copy_24\vegas_inc\backend\communication\migrations\0003_remove_faq_communicati_user_ro_fa08ef_idx_and_more.py", "Python", 46, 0, 0, 0, 0, 0, 0, 0, 0, 0, 0, 1, 6, 53
"c:\Users\mathew.macharia\OneDrive - Ashesi University\personal projects\vegas_backup\copy_24\vegas_inc\backend\communication\migrations\__init__.py", "Python", 0, 0, 0, 0, 0, 0, 0, 0, 0, 0, 0, 0, 1, 1
"c:\Users\mathew.macharia\OneDrive - Ashesi University\personal projects\vegas_backup\copy_24\vegas_inc\backend\communication\models.py", "Python", 136, 0, 0, 0, 0, 0, 0, 0, 0, 0, 0, 7, 24, 167
"c:\Users\mathew.macharia\OneDrive - Ashesi University\personal projects\vegas_backup\copy_24\vegas_inc\backend\communication\permissions.py", "Python", 52, 0, 0, 0, 0, 0, 0, 0, 0, 0, 0, 36, 27, 115
"c:\Users\mathew.macharia\OneDrive - Ashesi University\personal projects\vegas_backup\copy_24\vegas_inc\backend\communication\serializers.py", "Python", 125, 0, 0, 0, 0, 0, 0, 0, 0, 0, 0, 28, 43, 196
"c:\Users\mathew.macharia\OneDrive - Ashesi University\personal projects\vegas_backup\copy_24\vegas_inc\backend\communication\tests.py", "Python", 351, 0, 0, 0, 0, 0, 0, 0, 0, 0, 0, 37, 62, 450
"c:\Users\mathew.macharia\OneDrive - Ashesi University\personal projects\vegas_backup\copy_24\vegas_inc\backend\communication\urls.py", "Python", 12, 0, 0, 0, 0, 0, 0, 0, 0, 0, 0, 0, 3, 15
"c:\Users\mathew.macharia\OneDrive - Ashesi University\personal projects\vegas_backup\copy_24\vegas_inc\backend\communication\views.py", "Python", 212, 0, 0, 0, 0, 0, 0, 0, 0, 0, 0, 39, 57, 308
"c:\Users\mathew.macharia\OneDrive - Ashesi University\personal projects\vegas_backup\copy_24\vegas_inc\backend\core\__init__.py", "Python", 0, 0, 0, 0, 0, 0, 0, 0, 0, 0, 0, 0, 1, 1
"c:\Users\mathew.macharia\OneDrive - Ashesi University\personal projects\vegas_backup\copy_24\vegas_inc\backend\core\admin.py", "Python", 18, 0, 0, 0, 0, 0, 0, 0, 0, 0, 0, 0, 2, 20
"c:\Users\mathew.macharia\OneDrive - Ashesi University\personal projects\vegas_backup\copy_24\vegas_inc\backend\core\apps.py", "Python", 4, 0, 0, 0, 0, 0, 0, 0, 0, 0, 0, 0, 3, 7
"c:\Users\mathew.macharia\OneDrive - Ashesi University\personal projects\vegas_backup\copy_24\vegas_inc\backend\core\management\__init__.py", "Python", 0, 0, 0, 0, 0, 0, 0, 0, 0, 0, 0, 1, 0, 1
"c:\Users\mathew.macharia\OneDrive - Ashesi University\personal projects\vegas_backup\copy_24\vegas_inc\backend\core\management\commands\__init__.py", "Python", 0, 0, 0, 0, 0, 0, 0, 0, 0, 0, 0, 1, 0, 1
"c:\Users\mathew.macharia\OneDrive - Ashesi University\personal projects\vegas_backup\copy_24\vegas_inc\backend\core\management\commands\init_delivery_settings.py", "Python", 43, 0, 0, 0, 0, 0, 0, 0, 0, 0, 0, 3, 8, 54
"c:\Users\mathew.macharia\OneDrive - Ashesi University\personal projects\vegas_backup\copy_24\vegas_inc\backend\core\management\commands\init_mpesa_settings.py", "Python", 31, 0, 0, 0, 0, 0, 0, 0, 0, 0, 0, 3, 8, 42
"c:\Users\mathew.macharia\OneDrive - Ashesi University\personal projects\vegas_backup\copy_24\vegas_inc\backend\core\management\commands\load_kenya_boundaries.py", "Python", 148, 0, 0, 0, 0, 0, 0, 0, 0, 0, 0, 11, 44, 203
"c:\Users\mathew.macharia\OneDrive - Ashesi University\personal projects\vegas_backup\copy_24\vegas_inc\backend\core\management\commands\load_places_from_apis.py", "Python", 339, 0, 0, 0, 0, 0, 0, 0, 0, 0, 0, 33, 67, 439
"c:\Users\mathew.macharia\OneDrive - Ashesi University\personal projects\vegas_backup\copy_24\vegas_inc\backend\core\management\commands\seed_popular_places.py", "Python", 120, 0, 0, 0, 0, 0, 0, 0, 0, 0, 0, 14, 24, 158
"c:\Users\mathew.macharia\OneDrive - Ashesi University\personal projects\vegas_backup\copy_24\vegas_inc\backend\core\management\commands\set_mpesa_credentials.py", "Python", 120, 0, 0, 0, 0, 0, 0, 0, 0, 0, 0, 5, 18, 143
"c:\Users\mathew.macharia\OneDrive - Ashesi University\personal projects\vegas_backup\copy_24\vegas_inc\backend\core\migrations\0001_initial.py", "Python", 24, 0, 0, 0, 0, 0, 0, 0, 0, 0, 0, 1, 7, 32
"c:\Users\mathew.macharia\OneDrive - Ashesi University\personal projects\vegas_backup\copy_24\vegas_inc\backend\core\migrations\0002_popularplace_addressvalidationcache.py", "Python", 47, 0, 0, 0, 0, 0, 0, 0, 0, 0, 0, 1, 6, 54
"c:\Users\mathew.macharia\OneDrive - Ashesi University\personal projects\vegas_backup\copy_24\vegas_inc\backend\core\migrations\__init__.py", "Python", 0, 0, 0, 0, 0, 0, 0, 0, 0, 0, 0, 0, 1, 1
"c:\Users\mathew.macharia\OneDrive - Ashesi University\personal projects\vegas_backup\copy_24\vegas_inc\backend\core\models.py", "Python", 278, 0, 0, 0, 0, 0, 0, 0, 0, 0, 0, 23, 18, 319
"c:\Users\mathew.macharia\OneDrive - Ashesi University\personal projects\vegas_backup\copy_24\vegas_inc\backend\core\serializers.py", "Python", 32, 0, 0, 0, 0, 0, 0, 0, 0, 0, 0, 12, 8, 52
"c:\Users\mathew.macharia\OneDrive - Ashesi University\personal projects\vegas_backup\copy_24\vegas_inc\backend\core\services\__init__.py", "Python", 0, 0, 0, 0, 0, 0, 0, 0, 0, 0, 0, 1, 0, 1
"c:\Users\mathew.macharia\OneDrive - Ashesi University\personal projects\vegas_backup\copy_24\vegas_inc\backend\core\services\address_service.py", "Python", 367, 0, 0, 0, 0, 0, 0, 0, 0, 0, 0, 97, 90, 554
"c:\Users\mathew.macharia\OneDrive - Ashesi University\personal projects\vegas_backup\copy_24\vegas_inc\backend\core\services\address_validation_service.py", "Python", 245, 0, 0, 0, 0, 0, 0, 0, 0, 0, 0, 72, 75, 392
"c:\Users\mathew.macharia\OneDrive - Ashesi University\personal projects\vegas_backup\copy_24\vegas_inc\backend\core\tests.py", "Python", 126, 0, 0, 0, 0, 0, 0, 0, 0, 0, 0, 18, 23, 167
"c:\Users\mathew.macharia\OneDrive - Ashesi University\personal projects\vegas_backup\copy_24\vegas_inc\backend\core\urls.py", "Python", 8, 0, 0, 0, 0, 0, 0, 0, 0, 0, 0, 0, 3, 11
"c:\Users\mathew.macharia\OneDrive - Ashesi University\personal projects\vegas_backup\copy_24\vegas_inc\backend\core\views.py", "Python", 79, 0, 0, 0, 0, 0, 0, 0, 0, 0, 0, 18, 13, 110
"c:\Users\mathew.macharia\OneDrive - Ashesi University\personal projects\vegas_backup\copy_24\vegas_inc\backend\create_admin.py", "Python", 90, 0, 0, 0, 0, 0, 0, 0, 0, 0, 0, 23, 27, 140
"c:\Users\mathew.macharia\OneDrive - Ashesi University\personal projects\vegas_backup\copy_24\vegas_inc\backend\data_insights\__init__.py", "Python", 0, 0, 0, 0, 0, 0, 0, 0, 0, 0, 0, 0, 1, 1
"c:\Users\mathew.macharia\OneDrive - Ashesi University\personal projects\vegas_backup\copy_24\vegas_inc\backend\data_insights\admin.py", "Python", 22, 0, 0, 0, 0, 0, 0, 0, 0, 0, 0, 0, 3, 25
"c:\Users\mathew.macharia\OneDrive - Ashesi University\personal projects\vegas_backup\copy_24\vegas_inc\backend\data_insights\apps.py", "Python", 4, 0, 0, 0, 0, 0, 0, 0, 0, 0, 0, 0, 3, 7
"c:\Users\mathew.macharia\OneDrive - Ashesi University\personal projects\vegas_backup\copy_24\vegas_inc\backend\data_insights\migrations\0001_initial.py", "Python", 52, 0, 0, 0, 0, 0, 0, 0, 0, 0, 0, 1, 7, 60
"c:\Users\mathew.macharia\OneDrive - Ashesi University\personal projects\vegas_backup\copy_24\vegas_inc\backend\data_insights\migrations\__init__.py", "Python", 0, 0, 0, 0, 0, 0, 0, 0, 0, 0, 0, 0, 1, 1
"c:\Users\mathew.macharia\OneDrive - Ashesi University\personal projects\vegas_backup\copy_24\vegas_inc\backend\data_insights\models.py", "Python", 71, 0, 0, 0, 0, 0, 0, 0, 0, 0, 0, 2, 11, 84
"c:\Users\mathew.macharia\OneDrive - Ashesi University\personal projects\vegas_backup\copy_24\vegas_inc\backend\data_insights\permissions.py", "Python", 34, 0, 0, 0, 0, 0, 0, 0, 0, 0, 0, 25, 16, 75
"c:\Users\mathew.macharia\OneDrive - Ashesi University\personal projects\vegas_backup\copy_24\vegas_inc\backend\data_insights\serializers.py", "Python", 70, 0, 0, 0, 0, 0, 0, 0, 0, 0, 0, 11, 20, 101
"c:\Users\mathew.macharia\OneDrive - Ashesi University\personal projects\vegas_backup\copy_24\vegas_inc\backend\data_insights\tests.py", "Python", 391, 0, 0, 0, 0, 0, 0, 0, 0, 0, 0, 48, 59, 498
"c:\Users\mathew.macharia\OneDrive - Ashesi University\personal projects\vegas_backup\copy_24\vegas_inc\backend\data_insights\urls.py", "Python", 9, 0, 0, 0, 0, 0, 0, 0, 0, 0, 0, 0, 3, 12
"c:\Users\mathew.macharia\OneDrive - Ashesi University\personal projects\vegas_backup\copy_24\vegas_inc\backend\data_insights\views.py", "Python", 126, 0, 0, 0, 0, 0, 0, 0, 0, 0, 0, 16, 29, 171
"c:\Users\mathew.macharia\OneDrive - Ashesi University\personal projects\vegas_backup\copy_24\vegas_inc\backend\delivery\__init__.py", "Python", 0, 0, 0, 0, 0, 0, 0, 0, 0, 0, 0, 0, 1, 1
"c:\Users\mathew.macharia\OneDrive - Ashesi University\personal projects\vegas_backup\copy_24\vegas_inc\backend\delivery\admin.py", "Python", 21, 0, 0, 0, 0, 0, 0, 0, 0, 0, 0, 0, 4, 25
"c:\Users\mathew.macharia\OneDrive - Ashesi University\personal projects\vegas_backup\copy_24\vegas_inc\backend\delivery\api_tests.py", "Python", 455, 0, 0, 0, 0, 0, 0, 0, 0, 0, 0, 50, 99, 604
"c:\Users\mathew.macharia\OneDrive - Ashesi University\personal projects\vegas_backup\copy_24\vegas_inc\backend\delivery\api_tests_fixed.py", "Python", 452, 0, 0, 0, 0, 0, 0, 0, 0, 0, 0, 49, 98, 599
"c:\Users\mathew.macharia\OneDrive - Ashesi University\personal projects\vegas_backup\copy_24\vegas_inc\backend\delivery\apps.py", "Python", 4, 0, 0, 0, 0, 0, 0, 0, 0, 0, 0, 0, 3, 7
"c:\Users\mathew.macharia\OneDrive - Ashesi University\personal projects\vegas_backup\copy_24\vegas_inc\backend\delivery\debug_test.py", "Python", 173, 0, 0, 0, 0, 0, 0, 0, 0, 0, 0, 21, 32, 226
"c:\Users\mathew.macharia\OneDrive - Ashesi University\personal projects\vegas_backup\copy_24\vegas_inc\backend\delivery\migrations\0001_initial.py", "Python", 53, 0, 0, 0, 0, 0, 0, 0, 0, 0, 0, 1, 7, 61
"c:\Users\mathew.macharia\OneDrive - Ashesi University\personal projects\vegas_backup\copy_24\vegas_inc\backend\delivery\migrations\__init__.py", "Python", 0, 0, 0, 0, 0, 0, 0, 0, 0, 0, 0, 0, 1, 1
"c:\Users\mathew.macharia\OneDrive - Ashesi University\personal projects\vegas_backup\copy_24\vegas_inc\backend\delivery\models.py", "Python", 167, 0, 0, 0, 0, 0, 0, 0, 0, 0, 0, 23, 33, 223
"c:\Users\mathew.macharia\OneDrive - Ashesi University\personal projects\vegas_backup\copy_24\vegas_inc\backend\delivery\serializers.py", "Python", 169, 0, 0, 0, 0, 0, 0, 0, 0, 0, 0, 26, 43, 238
"c:\Users\mathew.macharia\OneDrive - Ashesi University\personal projects\vegas_backup\copy_24\vegas_inc\backend\delivery\tests.py", "Python", 266, 0, 0, 0, 0, 0, 0, 0, 0, 0, 0, 40, 48, 354
"c:\Users\mathew.macharia\OneDrive - Ashesi University\personal projects\vegas_backup\copy_24\vegas_inc\backend\delivery\urls.py", "Python", 10, 0, 0, 0, 0, 0, 0, 0, 0, 0, 0, 0, 4, 14
"c:\Users\mathew.macharia\OneDrive - Ashesi University\personal projects\vegas_backup\copy_24\vegas_inc\backend\delivery\views.py", "Python", 248, 0, 0, 0, 0, 0, 0, 0, 0, 0, 0, 33, 58, 339
"c:\Users\mathew.macharia\OneDrive - Ashesi University\personal projects\vegas_backup\copy_24\vegas_inc\backend\farms\__init__.py", "Python", 0, 0, 0, 0, 0, 0, 0, 0, 0, 0, 0, 0, 1, 1
"c:\Users\mathew.macharia\OneDrive - Ashesi University\personal projects\vegas_backup\copy_24\vegas_inc\backend\farms\admin.py", "Python", 1, 0, 0, 0, 0, 0, 0, 0, 0, 0, 0, 1, 2, 4
"c:\Users\mathew.macharia\OneDrive - Ashesi University\personal projects\vegas_backup\copy_24\vegas_inc\backend\farms\apps.py", "Python", 4, 0, 0, 0, 0, 0, 0, 0, 0, 0, 0, 0, 3, 7
"c:\Users\mathew.macharia\OneDrive - Ashesi University\personal projects\vegas_backup\copy_24\vegas_inc\backend\farms\migrations\0001_initial.py", "Python", 31, 0, 0, 0, 0, 0, 0, 0, 0, 0, 0, 1, 7, 39
"c:\Users\mathew.macharia\OneDrive - Ashesi University\personal projects\vegas_backup\copy_24\vegas_inc\backend\farms\migrations\0002_farm_cultivated_area_farm_soil_type_and_more.py", "Python", 22, 0, 0, 0, 0, 0, 0, 0, 0, 0, 0, 1, 6, 29
"c:\Users\mathew.macharia\OneDrive - Ashesi University\personal projects\vegas_backup\copy_24\vegas_inc\backend\farms\migrations\0003_remove_farm_farms_locatio_9252ff_idx_and_more.py", "Python", 27, 0, 0, 0, 0, 0, 0, 0, 0, 0, 0, 1, 6, 34
"c:\Users\mathew.macharia\OneDrive - Ashesi University\personal projects\vegas_backup\copy_24\vegas_inc\backend\farms\migrations\__init__.py", "Python", 0, 0, 0, 0, 0, 0, 0, 0, 0, 0, 0, 0, 1, 1
"c:\Users\mathew.macharia\OneDrive - Ashesi University\personal projects\vegas_backup\copy_24\vegas_inc\backend\farms\models.py", "Python", 120, 0, 0, 0, 0, 0, 0, 0, 0, 0, 0, 8, 24, 152
"c:\Users\mathew.macharia\OneDrive - Ashesi University\personal projects\vegas_backup\copy_24\vegas_inc\backend\farms\serializers.py", "Python", 57, 0, 0, 0, 0, 0, 0, 0, 0, 0, 0, 6, 13, 76
"c:\Users\mathew.macharia\OneDrive - Ashesi University\personal projects\vegas_backup\copy_24\vegas_inc\backend\farms\tests.py", "Python", 194, 0, 0, 0, 0, 0, 0, 0, 0, 0, 0, 38, 48, 280
"c:\Users\mathew.macharia\OneDrive - Ashesi University\personal projects\vegas_backup\copy_24\vegas_inc\backend\farms\urls.py", "Python", 8, 0, 0, 0, 0, 0, 0, 0, 0, 0, 0, 0, 3, 11
"c:\Users\mathew.macharia\OneDrive - Ashesi University\personal projects\vegas_backup\copy_24\vegas_inc\backend\farms\views.py", "Python", 73, 0, 0, 0, 0, 0, 0, 0, 0, 0, 0, 36, 22, 131
"c:\Users\mathew.macharia\OneDrive - Ashesi University\personal projects\vegas_backup\copy_24\vegas_inc\backend\feedback\__init__.py", "Python", 0, 0, 0, 0, 0, 0, 0, 0, 0, 0, 0, 0, 1, 1
"c:\Users\mathew.macharia\OneDrive - Ashesi University\personal projects\vegas_backup\copy_24\vegas_inc\backend\feedback\admin.py", "Python", 11, 0, 0, 0, 0, 0, 0, 0, 0, 0, 0, 0, 2, 13
"c:\Users\mathew.macharia\OneDrive - Ashesi University\personal projects\vegas_backup\copy_24\vegas_inc\backend\feedback\apps.py", "Python", 4, 0, 0, 0, 0, 0, 0, 0, 0, 0, 0, 0, 3, 7
"c:\Users\mathew.macharia\OneDrive - Ashesi University\personal projects\vegas_backup\copy_24\vegas_inc\backend\feedback\migrations\0001_initial.py", "Python", 35, 0, 0, 0, 0, 0, 0, 0, 0, 0, 0, 1, 7, 43
"c:\Users\mathew.macharia\OneDrive - Ashesi University\personal projects\vegas_backup\copy_24\vegas_inc\backend\feedback\migrations\0002_alter_review_target_id_alter_review_target_type.py", "Python", 17, 0, 0, 0, 0, 0, 0, 0, 0, 0, 0, 1, 6, 24
"c:\Users\mathew.macharia\OneDrive - Ashesi University\personal projects\vegas_backup\copy_24\vegas_inc\backend\feedback\migrations\__init__.py", "Python", 0, 0, 0, 0, 0, 0, 0, 0, 0, 0, 0, 0, 1, 1
"c:\Users\mathew.macharia\OneDrive - Ashesi University\personal projects\vegas_backup\copy_24\vegas_inc\backend\feedback\models.py", "Python", 36, 0, 0, 0, 0, 0, 0, 0, 0, 0, 0, 1, 5, 42
"c:\Users\mathew.macharia\OneDrive - Ashesi University\personal projects\vegas_backup\copy_24\vegas_inc\backend\feedback\permissions.py", "Python", 15, 0, 0, 0, 0, 0, 0, 0, 0, 0, 0, 13, 8, 36
"c:\Users\mathew.macharia\OneDrive - Ashesi University\personal projects\vegas_backup\copy_24\vegas_inc\backend\feedback\serializers.py", "Python", 61, 0, 0, 0, 0, 0, 0, 0, 0, 0, 0, 20, 16, 97
"c:\Users\mathew.macharia\OneDrive - Ashesi University\personal projects\vegas_backup\copy_24\vegas_inc\backend\feedback\tests.py", "Python", 284, 0, 0, 0, 0, 0, 0, 0, 0, 0, 0, 43, 50, 377
"c:\Users\mathew.macharia\OneDrive - Ashesi University\personal projects\vegas_backup\copy_24\vegas_inc\backend\feedback\urls.py", "Python", 8, 0, 0, 0, 0, 0, 0, 0, 0, 0, 0, 0, 3, 11
"c:\Users\mathew.macharia\OneDrive - Ashesi University\personal projects\vegas_backup\copy_24\vegas_inc\backend\feedback\views.py", "Python", 85, 0, 0, 0, 0, 0, 0, 0, 0, 0, 0, 11, 18, 114
"c:\Users\mathew.macharia\OneDrive - Ashesi University\personal projects\vegas_backup\copy_24\vegas_inc\backend\finance\__init__.py", "Python", 0, 0, 0, 0, 0, 0, 0, 0, 0, 0, 0, 0, 1, 1
"c:\Users\mathew.macharia\OneDrive - Ashesi University\personal projects\vegas_backup\copy_24\vegas_inc\backend\finance\admin.py", "Python", 12, 0, 0, 0, 0, 0, 0, 0, 0, 0, 0, 0, 2, 14
"c:\Users\mathew.macharia\OneDrive - Ashesi University\personal projects\vegas_backup\copy_24\vegas_inc\backend\finance\apps.py", "Python", 4, 0, 0, 0, 0, 0, 0, 0, 0, 0, 0, 0, 3, 7
"c:\Users\mathew.macharia\OneDrive - Ashesi University\personal projects\vegas_backup\copy_24\vegas_inc\backend\finance\migrations\0001_initial.py", "Python", 32, 0, 0, 0, 0, 0, 0, 0, 0, 0, 0, 1, 7, 40
"c:\Users\mathew.macharia\OneDrive - Ashesi University\personal projects\vegas_backup\copy_24\vegas_inc\backend\finance\migrations\__init__.py", "Python", 0, 0, 0, 0, 0, 0, 0, 0, 0, 0, 0, 0, 1, 1
"c:\Users\mathew.macharia\OneDrive - Ashesi University\personal projects\vegas_backup\copy_24\vegas_inc\backend\finance\models.py", "Python", 31, 0, 0, 0, 0, 0, 0, 0, 0, 0, 0, 1, 5, 37
"c:\Users\mathew.macharia\OneDrive - Ashesi University\personal projects\vegas_backup\copy_24\vegas_inc\backend\finance\permissions.py", "Python", 21, 0, 0, 0, 0, 0, 0, 0, 0, 0, 0, 17, 10, 48
"c:\Users\mathew.macharia\OneDrive - Ashesi University\personal projects\vegas_backup\copy_24\vegas_inc\backend\finance\serializers.py", "Python", 36, 0, 0, 0, 0, 0, 0, 0, 0, 0, 0, 8, 10, 54
"c:\Users\mathew.macharia\OneDrive - Ashesi University\personal projects\vegas_backup\copy_24\vegas_inc\backend\finance\tests.py", "Python", 218, 0, 0, 0, 0, 0, 0, 0, 0, 0, 0, 22, 31, 271
"c:\Users\mathew.macharia\OneDrive - Ashesi University\personal projects\vegas_backup\copy_24\vegas_inc\backend\finance\urls.py", "Python", 11, 0, 0, 0, 0, 0, 0, 0, 0, 0, 0, 0, 3, 14
"c:\Users\mathew.macharia\OneDrive - Ashesi University\personal projects\vegas_backup\copy_24\vegas_inc\backend\finance\views.py", "Python", 303, 0, 0, 0, 0, 0, 0, 0, 0, 0, 0, 40, 58, 401
"c:\Users\mathew.macharia\OneDrive - Ashesi University\personal projects\vegas_backup\copy_24\vegas_inc\backend\locations\__init__.py", "Python", 0, 0, 0, 0, 0, 0, 0, 0, 0, 0, 0, 0, 1, 1
"c:\Users\mathew.macharia\OneDrive - Ashesi University\personal projects\vegas_backup\copy_24\vegas_inc\backend\locations\admin.py", "Python", 1, 0, 0, 0, 0, 0, 0, 0, 0, 0, 0, 1, 2, 4
"c:\Users\mathew.macharia\OneDrive - Ashesi University\personal projects\vegas_backup\copy_24\vegas_inc\backend\locations\apps.py", "Python", 4, 0, 0, 0, 0, 0, 0, 0, 0, 0, 0, 0, 3, 7
"c:\Users\mathew.macharia\OneDrive - Ashesi University\personal projects\vegas_backup\copy_24\vegas_inc\backend\locations\management\__init__.py", "Python", 0, 0, 0, 0, 0, 0, 0, 0, 0, 0, 0, 1, 0, 1
"c:\Users\mathew.macharia\OneDrive - Ashesi University\personal projects\vegas_backup\copy_24\vegas_inc\backend\locations\management\commands\__init__.py", "Python", 0, 0, 0, 0, 0, 0, 0, 0, 0, 0, 0, 1, 0, 1
"c:\Users\mathew.macharia\OneDrive - Ashesi University\personal projects\vegas_backup\copy_24\vegas_inc\backend\locations\management\commands\populate_locations.py", "Python", 121, 0, 0, 0, 0, 0, 0, 0, 0, 0, 0, 2, 8, 131
"c:\Users\mathew.macharia\OneDrive - Ashesi University\personal projects\vegas_backup\copy_24\vegas_inc\backend\locations\migrations\0001_initial.py", "Python", 28, 0, 0, 0, 0, 0, 0, 0, 0, 0, 0, 1, 7, 36
"c:\Users\mathew.macharia\OneDrive - Ashesi University\personal projects\vegas_backup\copy_24\vegas_inc\backend\locations\migrations\0002_county_subcounty_useraddress.py", "Python", 60, 0, 0, 0, 0, 0, 0, 0, 0, 0, 0, 1, 6, 67
"c:\Users\mathew.macharia\OneDrive - Ashesi University\personal projects\vegas_backup\copy_24\vegas_inc\backend\locations\migrations\__init__.py", "Python", 0, 0, 0, 0, 0, 0, 0, 0, 0, 0, 0, 0, 1, 1
"c:\Users\mathew.macharia\OneDrive - Ashesi University\personal projects\vegas_backup\copy_24\vegas_inc\backend\locations\models.py", "Python", 68, 0, 0, 0, 0, 0, 0, 0, 0, 0, 0, 6, 14, 88
"c:\Users\mathew.macharia\OneDrive - Ashesi University\personal projects\vegas_backup\copy_24\vegas_inc\backend\locations\serializers.py", "Python", 34, 0, 0, 0, 0, 0, 0, 0, 0, 0, 0, 5, 9, 48
"c:\Users\mathew.macharia\OneDrive - Ashesi University\personal projects\vegas_backup\copy_24\vegas_inc\backend\locations\tests.py", "Python", 152, 0, 0, 0, 0, 0, 0, 0, 0, 0, 0, 30, 40, 222
"c:\Users\mathew.macharia\OneDrive - Ashesi University\personal projects\vegas_backup\copy_24\vegas_inc\backend\locations\urls.py", "Python", 11, 0, 0, 0, 0, 0, 0, 0, 0, 0, 0, 0, 3, 14
"c:\Users\mathew.macharia\OneDrive - Ashesi University\personal projects\vegas_backup\copy_24\vegas_inc\backend\locations\views.py", "Python", 80, 0, 0, 0, 0, 0, 0, 0, 0, 0, 0, 51, 22, 153
"c:\Users\mathew.macharia\OneDrive - Ashesi University\personal projects\vegas_backup\copy_24\vegas_inc\backend\manage.py", "Python", 15, 0, 0, 0, 0, 0, 0, 0, 0, 0, 0, 3, 5, 23
"c:\Users\mathew.macharia\OneDrive - Ashesi University\personal projects\vegas_backup\copy_24\vegas_inc\backend\orders\__init__.py", "Python", 0, 0, 0, 0, 0, 0, 0, 0, 0, 0, 0, 0, 1, 1
"c:\Users\mathew.macharia\OneDrive - Ashesi University\personal projects\vegas_backup\copy_24\vegas_inc\backend\orders\admin.py", "Python", 70, 0, 0, 0, 0, 0, 0, 0, 0, 0, 0, 0, 7, 77
"c:\Users\mathew.macharia\OneDrive - Ashesi University\personal projects\vegas_backup\copy_24\vegas_inc\backend\orders\apps.py", "Python", 4, 0, 0, 0, 0, 0, 0, 0, 0, 0, 0, 0, 3, 7
"c:\Users\mathew.macharia\OneDrive - Ashesi University\personal projects\vegas_backup\copy_24\vegas_inc\backend\orders\migrations\0001_initial.py", "Python", 78, 0, 0, 0, 0, 0, 0, 0, 0, 0, 0, 1, 7, 86
"c:\Users\mathew.macharia\OneDrive - Ashesi University\personal projects\vegas_backup\copy_24\vegas_inc\backend\orders\migrations\0002_remove_order_payment_method_id.py", "Python", 11, 0, 0, 0, 0, 0, 0, 0, 0, 0, 0, 1, 6, 18
"c:\Users\mathew.macharia\OneDrive - Ashesi University\personal projects\vegas_backup\copy_24\vegas_inc\backend\orders\migrations\0003_order_payment_method.py", "Python", 14, 0, 0, 0, 0, 0, 0, 0, 0, 0, 0, 1, 6, 21
"c:\Users\mathew.macharia\OneDrive - Ashesi University\personal projects\vegas_backup\copy_24\vegas_inc\backend\orders\migrations\0004_order_platform_fee_order_subtotal_and_more.py", "Python", 27, 0, 0, 0, 0, 0, 0, 0, 0, 0, 0, 1, 6, 34
"c:\Users\mathew.macharia\OneDrive - Ashesi University\personal projects\vegas_backup\copy_24\vegas_inc\backend\orders\migrations\0005_remove_order_platform_fee_and_more.py", "Python", 19, 0, 0, 0, 0, 0, 0, 0, 0, 0, 0, 1, 6, 26
"c:\Users\mathew.macharia\OneDrive - Ashesi University\personal projects\vegas_backup\copy_24\vegas_inc\backend\orders\migrations\0006_remove_order_delivery_fee_remove_order_total_amount.py", "Python", 15, 0, 0, 0, 0, 0, 0, 0, 0, 0, 0, 1, 6, 22
"c:\Users\mathew.macharia\OneDrive - Ashesi University\personal projects\vegas_backup\copy_24\vegas_inc\backend\orders\migrations\0007_rename_subtotal_order_delivery_fee_and_more.py", "Python", 18, 0, 0, 0, 0, 0, 0, 0, 0, 0, 0, 1, 6, 25
"c:\Users\mathew.macharia\OneDrive - Ashesi University\personal projects\vegas_backup\copy_24\vegas_inc\backend\orders\migrations\__init__.py", "Python", 0, 0, 0, 0, 0, 0, 0, 0, 0, 0, 0, 0, 1, 1
"c:\Users\mathew.macharia\OneDrive - Ashesi University\personal projects\vegas_backup\copy_24\vegas_inc\backend\orders\models.py", "Python", 354, 0, 0, 0, 0, 0, 0, 0, 0, 0, 0, 66, 76, 496
"c:\Users\mathew.macharia\OneDrive - Ashesi University\personal projects\vegas_backup\copy_24\vegas_inc\backend\orders\serializers.py", "Python", 352, 0, 0, 0, 0, 0, 0, 0, 0, 0, 0, 55, 79, 486
"c:\Users\mathew.macharia\OneDrive - Ashesi University\personal projects\vegas_backup\copy_24\vegas_inc\backend\orders\tests.py", "Python", 302, 0, 0, 0, 0, 0, 0, 0, 0, 0, 0, 60, 71, 433
"c:\Users\mathew.macharia\OneDrive - Ashesi University\personal projects\vegas_backup\copy_24\vegas_inc\backend\orders\urls.py", "Python", 10, 0, 0, 0, 0, 0, 0, 0, 0, 0, 0, 0, 4, 14
"c:\Users\mathew.macharia\OneDrive - Ashesi University\personal projects\vegas_backup\copy_24\vegas_inc\backend\orders\views.py", "Python", 267, 0, 0, 0, 0, 0, 0, 0, 0, 0, 0, 75, 65, 407
"c:\Users\mathew.macharia\OneDrive - Ashesi University\personal projects\vegas_backup\copy_24\vegas_inc\backend\payments\__init__.py", "Python", 0, 0, 0, 0, 0, 0, 0, 0, 0, 0, 0, 0, 1, 1
"c:\Users\mathew.macharia\OneDrive - Ashesi University\personal projects\vegas_backup\copy_24\vegas_inc\backend\payments\admin.py", "Python", 38, 0, 0, 0, 0, 0, 0, 0, 0, 0, 0, 0, 3, 41
"c:\Users\mathew.macharia\OneDrive - Ashesi University\personal projects\vegas_backup\copy_24\vegas_inc\backend\payments\apps.py", "Python", 4, 0, 0, 0, 0, 0, 0, 0, 0, 0, 0, 0, 3, 7
"c:\Users\mathew.macharia\OneDrive - Ashesi University\personal projects\vegas_backup\copy_24\vegas_inc\backend\payments\migrations\0001_initial.py", "Python", 63, 0, 0, 0, 0, 0, 0, 0, 0, 0, 0, 1, 7, 71
"c:\Users\mathew.macharia\OneDrive - Ashesi University\personal projects\vegas_backup\copy_24\vegas_inc\backend\payments\migrations\0002_paymenttransaction_callback_data_and_more.py", "Python", 41, 0, 0, 0, 0, 0, 0, 0, 0, 0, 0, 1, 6, 48
"c:\Users\mathew.macharia\OneDrive - Ashesi University\personal projects\vegas_backup\copy_24\vegas_inc\backend\payments\migrations\0003_alter_paymenttransaction_order.py", "Python", 14, 0, 0, 0, 0, 0, 0, 0, 0, 0, 0, 1, 6, 21
"c:\Users\mathew.macharia\OneDrive - Ashesi University\personal projects\vegas_backup\copy_24\vegas_inc\backend\payments\migrations\0004_paymentsession_and_more.py", "Python", 67, 0, 0, 0, 0, 0, 0, 0, 0, 0, 0, 1, 6, 74
"c:\Users\mathew.macharia\OneDrive - Ashesi University\personal projects\vegas_backup\copy_24\vegas_inc\backend\payments\migrations\0005_auto_20250706_0341.py", "Python", 26, 0, 0, 0, 0, 0, 0, 0, 0, 0, 0, 1, 6, 33
"c:\Users\mathew.macharia\OneDrive - Ashesi University\personal projects\vegas_backup\copy_24\vegas_inc\backend\payments\migrations\0006_remove_paymenttransaction_payment_session_idx_and_more.py", "Python", 17, 0, 0, 0, 0, 0, 0, 0, 0, 0, 0, 1, 6, 24
"c:\Users\mathew.macharia\OneDrive - Ashesi University\personal projects\vegas_backup\copy_24\vegas_inc\backend\payments\migrations\__init__.py", "Python", 0, 0, 0, 0, 0, 0, 0, 0, 0, 0, 0, 0, 1, 1
"c:\Users\mathew.macharia\OneDrive - Ashesi University\personal projects\vegas_backup\copy_24\vegas_inc\backend\payments\models.py", "Python", 232, 0, 0, 0, 0, 0, 0, 0, 0, 0, 0, 45, 51, 328
"c:\Users\mathew.macharia\OneDrive - Ashesi University\personal projects\vegas_backup\copy_24\vegas_inc\backend\payments\serializers.py", "Python", 259, 0, 0, 0, 0, 0, 0, 0, 0, 0, 0, 78, 75, 412
"c:\Users\mathew.macharia\OneDrive - Ashesi University\personal projects\vegas_backup\copy_24\vegas_inc\backend\payments\services\__init__.py", "Python", 0, 0, 0, 0, 0, 0, 0, 0, 0, 0, 0, 1, 0, 1
"c:\Users\mathew.macharia\OneDrive - Ashesi University\personal projects\vegas_backup\copy_24\vegas_inc\backend\payments\services\mpesa_service.py", "Python", 186, 0, 0, 0, 0, 0, 0, 0, 0, 0, 0, 104, 52, 342
"c:\Users\mathew.macharia\OneDrive - Ashesi University\personal projects\vegas_backup\copy_24\vegas_inc\backend\payments\tests.py", "Python", 372, 0, 0, 0, 0, 0, 0, 0, 0, 0, 0, 74, 73, 519
"c:\Users\mathew.macharia\OneDrive - Ashesi University\personal projects\vegas_backup\copy_24\vegas_inc\backend\payments\tests_fixed.py", "Python", 372, 0, 0, 0, 0, 0, 0, 0, 0, 0, 0, 74, 73, 519
"c:\Users\mathew.macharia\OneDrive - Ashesi University\personal projects\vegas_backup\copy_24\vegas_inc\backend\payments\urls.py", "Python", 10, 0, 0, 0, 0, 0, 0, 0, 0, 0, 0, 0, 3, 13
"c:\Users\mathew.macharia\OneDrive - Ashesi University\personal projects\vegas_backup\copy_24\vegas_inc\backend\payments\views.py", "Python", 349, 0, 0, 0, 0, 0, 0, 0, 0, 0, 0, 94, 94, 537
"c:\Users\mathew.macharia\OneDrive - Ashesi University\personal projects\vegas_backup\copy_24\vegas_inc\backend\products\__init__.py", "Python", 0, 0, 0, 0, 0, 0, 0, 0, 0, 0, 0, 0, 1, 1
"c:\Users\mathew.macharia\OneDrive - Ashesi University\personal projects\vegas_backup\copy_24\vegas_inc\backend\products\admin.py", "Python", 1, 0, 0, 0, 0, 0, 0, 0, 0, 0, 0, 1, 2, 4
"c:\Users\mathew.macharia\OneDrive - Ashesi University\personal projects\vegas_backup\copy_24\vegas_inc\backend\products\apps.py", "Python", 4, 0, 0, 0, 0, 0, 0, 0, 0, 0, 0, 0, 3, 7
"c:\Users\mathew.macharia\OneDrive - Ashesi University\personal projects\vegas_backup\copy_24\vegas_inc\backend\products\management\__init__.py", "Python", 0, 0, 0, 0, 0, 0, 0, 0, 0, 0, 0, 1, 0, 1
"c:\Users\mathew.macharia\OneDrive - Ashesi University\personal projects\vegas_backup\copy_24\vegas_inc\backend\products\management\commands\__init__.py", "Python", 0, 0, 0, 0, 0, 0, 0, 0, 0, 0, 0, 1, 0, 1
"c:\Users\mathew.macharia\OneDrive - Ashesi University\personal projects\vegas_backup\copy_24\vegas_inc\backend\products\management\commands\create_sample_data.py", "Python", 263, 0, 0, 0, 0, 0, 0, 0, 0, 0, 0, 16, 35, 314
"c:\Users\mathew.macharia\OneDrive - Ashesi University\personal projects\vegas_backup\copy_24\vegas_inc\backend\products\migrations\0001_initial.py", "Python", 42, 0, 0, 0, 0, 0, 0, 0, 0, 0, 0, 1, 7, 50
"c:\Users\mathew.macharia\OneDrive - Ashesi University\personal projects\vegas_backup\copy_24\vegas_inc\backend\products\migrations\0002_productlisting.py", "Python", 36, 0, 0, 0, 0, 0, 0, 0, 0, 0, 0, 1, 6, 43
"c:\Users\mathew.macharia\OneDrive - Ashesi University\personal projects\vegas_backup\copy_24\vegas_inc\backend\products\migrations\__init__.py", "Python", 0, 0, 0, 0, 0, 0, 0, 0, 0, 0, 0, 0, 1, 1
"c:\Users\mathew.macharia\OneDrive - Ashesi University\personal projects\vegas_backup\copy_24\vegas_inc\backend\products\models.py", "Python", 169, 0, 0, 0, 0, 0, 0, 0, 0, 0, 0, 11, 25, 205
"c:\Users\mathew.macharia\OneDrive - Ashesi University\personal projects\vegas_backup\copy_24\vegas_inc\backend\products\serializers.py", "Python", 135, 0, 0, 0, 0, 0, 0, 0, 0, 0, 0, 22, 33, 190
"c:\Users\mathew.macharia\OneDrive - Ashesi University\personal projects\vegas_backup\copy_24\vegas_inc\backend\products\tests.py", "Python", 675, 0, 0, 0, 0, 0, 0, 0, 0, 0, 0, 77, 130, 882
"c:\Users\mathew.macharia\OneDrive - Ashesi University\personal projects\vegas_backup\copy_24\vegas_inc\backend\products\urls.py", "Python", 10, 0, 0, 0, 0, 0, 0, 0, 0, 0, 0, 0, 3, 13
"c:\Users\mathew.macharia\OneDrive - Ashesi University\personal projects\vegas_backup\copy_24\vegas_inc\backend\products\views.py", "Python", 252, 0, 0, 0, 0, 0, 0, 0, 0, 0, 0, 99, 63, 414
"c:\Users\mathew.macharia\OneDrive - Ashesi University\personal projects\vegas_backup\copy_24\vegas_inc\backend\pytest.ini", "Ini", 0, 0, 0, 0, 0, 31, 0, 0, 0, 0, 0, 0, 2, 33
"c:\Users\mathew.macharia\OneDrive - Ashesi University\personal projects\vegas_backup\copy_24\vegas_inc\backend\requirements.txt", "pip requirements", 0, 0, 0, 0, 10, 0, 0, 0, 0, 0, 0, 3, 2, 15
"c:\Users\mathew.macharia\OneDrive - Ashesi University\personal projects\vegas_backup\copy_24\vegas_inc\backend\tests\E2E_TESTING_SUMMARY.md", "Markdown", 0, 0, 235, 0, 0, 0, 0, 0, 0, 0, 0, 0, 60, 295
"c:\Users\mathew.macharia\OneDrive - Ashesi University\personal projects\vegas_backup\copy_24\vegas_inc\backend\tests\__init__.py", "Python", 0, 0, 0, 0, 0, 0, 0, 0, 0, 0, 0, 1, 0, 1
"c:\Users\mathew.macharia\OneDrive - Ashesi University\personal projects\vegas_backup\copy_24\vegas_inc\backend\tests\admin_management_test_specs.md", "Markdown", 0, 0, 1147, 0, 0, 0, 0, 0, 0, 0, 0, 0, 189, 1336
"c:\Users\mathew.macharia\OneDrive - Ashesi University\personal projects\vegas_backup\copy_24\vegas_inc\backend\tests\admin_rider_delivery_test_specs.md", "Markdown", 0, 0, 785, 0, 0, 0, 0, 0, 0, 0, 0, 0, 149, 934
"c:\Users\mathew.macharia\OneDrive - Ashesi University\personal projects\vegas_backup\copy_24\vegas_inc\backend\tests\conftest.py", "Python", 264, 0, 0, 0, 0, 0, 0, 0, 0, 0, 0, 48, 71, 383
"c:\Users\mathew.macharia\OneDrive - Ashesi University\personal projects\vegas_backup\copy_24\vegas_inc\backend\tests\db_setup.py", "Python", 73, 0, 0, 0, 0, 0, 0, 0, 0, 0, 0, 16, 26, 115
"c:\Users\mathew.macharia\OneDrive - Ashesi University\personal projects\vegas_backup\copy_24\vegas_inc\backend\tests\e2e\__init__.py", "Python", 0, 0, 0, 0, 0, 0, 0, 0, 0, 0, 0, 1, 0, 1
"c:\Users\mathew.macharia\OneDrive - Ashesi University\personal projects\vegas_backup\copy_24\vegas_inc\backend\tests\e2e\test_admin_management.py", "Python", 608, 0, 0, 0, 0, 0, 0, 0, 0, 0, 0, 110, 202, 920
"c:\Users\mathew.macharia\OneDrive - Ashesi University\personal projects\vegas_backup\copy_24\vegas_inc\backend\tests\e2e\test_admin_rider_delivery.py", "Python", 498, 0, 0, 0, 0, 0, 0, 0, 0, 0, 0, 174, 196, 868
"c:\Users\mathew.macharia\OneDrive - Ashesi University\personal projects\vegas_backup\copy_24\vegas_inc\backend\tests\e2e\test_auth_workflow.py", "Python", 261, 0, 0, 0, 0, 0, 0, 0, 0, 0, 0, 80, 100, 441
"c:\Users\mathew.macharia\OneDrive - Ashesi University\personal projects\vegas_backup\copy_24\vegas_inc\backend\tests\e2e\test_customer_shopping.py", "Python", 508, 0, 0, 0, 0, 0, 0, 0, 0, 0, 0, 109, 108, 725
"c:\Users\mathew.macharia\OneDrive - Ashesi University\personal projects\vegas_backup\copy_24\vegas_inc\backend\tests\e2e\test_farmer_order_fulfillment.py", "Python", 358, 0, 0, 0, 0, 0, 0, 0, 0, 0, 0, 166, 146, 670
"c:\Users\mathew.macharia\OneDrive - Ashesi University\personal projects\vegas_backup\copy_24\vegas_inc\backend\tests\e2e_README.md", "Markdown", 0, 0, 161, 0, 0, 0, 0, 0, 0, 0, 0, 0, 49, 210
"c:\Users\mathew.macharia\OneDrive - Ashesi University\personal projects\vegas_backup\copy_24\vegas_inc\backend\tests\farmer_order_fulfillment_test_specs.md", "Markdown", 0, 0, 667, 0, 0, 0, 0, 0, 0, 0, 0, 0, 137, 804
"c:\Users\mathew.macharia\OneDrive - Ashesi University\personal projects\vegas_backup\copy_24\vegas_inc\backend\tests\run_e2e.py", "Python", 105, 0, 0, 0, 0, 0, 0, 0, 0, 0, 0, 23, 40, 168
"c:\Users\mathew.macharia\OneDrive - Ashesi University\personal projects\vegas_backup\copy_24\vegas_inc\backend\tests\utils\__init__.py", "Python", 0, 0, 0, 0, 0, 0, 0, 0, 0, 0, 0, 1, 0, 1
"c:\Users\mathew.macharia\OneDrive - Ashesi University\personal projects\vegas_backup\copy_24\vegas_inc\backend\tests\utils\db_manager.py", "Python", 0, 0, 0, 0, 0, 0, 0, 0, 0, 0, 0, 0, 1, 1
"c:\Users\mathew.macharia\OneDrive - Ashesi University\personal projects\vegas_backup\copy_24\vegas_inc\backend\tunda\__init__.py", "Python", 0, 0, 0, 0, 0, 0, 0, 0, 0, 0, 0, 0, 1, 1
"c:\Users\mathew.macharia\OneDrive - Ashesi University\personal projects\vegas_backup\copy_24\vegas_inc\backend\tunda\asgi.py", "Python", 4, 0, 0, 0, 0, 0, 0, 0, 0, 0, 0, 8, 5, 17
"c:\Users\mathew.macharia\OneDrive - Ashesi University\personal projects\vegas_backup\copy_24\vegas_inc\backend\tunda\settings.py", "Python", 149, 0, 0, 0, 0, 0, 0, 0, 0, 0, 0, 22, 27, 198
"c:\Users\mathew.macharia\OneDrive - Ashesi University\personal projects\vegas_backup\copy_24\vegas_inc\backend\tunda\urls.py", "Python", 22, 0, 0, 0, 0, 0, 0, 0, 0, 0, 0, 1, 3, 26
"c:\Users\mathew.macharia\OneDrive - Ashesi University\personal projects\vegas_backup\copy_24\vegas_inc\backend\tunda\wsgi.py", "Python", 4, 0, 0, 0, 0, 0, 0, 0, 0, 0, 0, 8, 5, 17
"c:\Users\mathew.macharia\OneDrive - Ashesi University\personal projects\vegas_backup\copy_24\vegas_inc\backend\users\README.md", "Markdown", 0, 0, 113, 0, 0, 0, 0, 0, 0, 0, 0, 0, 28, 141
"c:\Users\mathew.macharia\OneDrive - Ashesi University\personal projects\vegas_backup\copy_24\vegas_inc\backend\users\__init__.py", "Python", 0, 0, 0, 0, 0, 0, 0, 0, 0, 0, 0, 0, 1, 1
"c:\Users\mathew.macharia\OneDrive - Ashesi University\personal projects\vegas_backup\copy_24\vegas_inc\backend\users\admin.py", "Python", 24, 0, 0, 0, 0, 0, 0, 0, 0, 0, 0, 0, 2, 26
"c:\Users\mathew.macharia\OneDrive - Ashesi University\personal projects\vegas_backup\copy_24\vegas_inc\backend\users\apps.py", "Python", 4, 0, 0, 0, 0, 0, 0, 0, 0, 0, 0, 0, 3, 7
"c:\Users\mathew.macharia\OneDrive - Ashesi University\personal projects\vegas_backup\copy_24\vegas_inc\backend\users\migrations\0001_initial.py", "Python", 33, 0, 0, 0, 0, 0, 0, 0, 0, 0, 0, 1, 7, 41
"c:\Users\mathew.macharia\OneDrive - Ashesi University\personal projects\vegas_backup\copy_24\vegas_inc\backend\users\migrations\0002_user_email_notifications_user_is_verified_and_more.py", "Python", 57, 0, 0, 0, 0, 0, 0, 0, 0, 0, 0, 1, 6, 64
"c:\Users\mathew.macharia\OneDrive - Ashesi University\personal projects\vegas_backup\copy_24\vegas_inc\backend\users\migrations\__init__.py", "Python", 0, 0, 0, 0, 0, 0, 0, 0, 0, 0, 0, 0, 1, 1
"c:\Users\mathew.macharia\OneDrive - Ashesi University\personal projects\vegas_backup\copy_24\vegas_inc\backend\users\models.py", "Python", 84, 0, 0, 0, 0, 0, 0, 0, 0, 0, 0, 8, 18, 110
"c:\Users\mathew.macharia\OneDrive - Ashesi University\personal projects\vegas_backup\copy_24\vegas_inc\backend\users\serializers.py", "Python", 100, 0, 0, 0, 0, 0, 0, 0, 0, 0, 0, 28, 20, 148
"c:\Users\mathew.macharia\OneDrive - Ashesi University\personal projects\vegas_backup\copy_24\vegas_inc\backend\users\tests.py", "Python", 52, 0, 0, 0, 0, 0, 0, 0, 0, 0, 0, 0, 5, 57
"c:\Users\mathew.macharia\OneDrive - Ashesi University\personal projects\vegas_backup\copy_24\vegas_inc\backend\users\urls.py", "Python", 13, 0, 0, 0, 0, 0, 0, 0, 0, 0, 0, 4, 4, 21
"c:\Users\mathew.macharia\OneDrive - Ashesi University\personal projects\vegas_backup\copy_24\vegas_inc\backend\users\views.py", "Python", 180, 0, 0, 0, 0, 0, 0, 0, 0, 0, 0, 54, 42, 276
"c:\Users\mathew.macharia\OneDrive - Ashesi University\personal projects\vegas_backup\copy_24\vegas_inc\frontend\README.md", "Markdown", 0, 0, 18, 0, 0, 0, 0, 0, 0, 0, 0, 0, 12, 30
"c:\Users\mathew.macharia\OneDrive - Ashesi University\personal projects\vegas_backup\copy_24\vegas_inc\frontend\frontend_docs\FRONTEND_IMPLEMENTATION_SUMMARY.md", "Markdown", 0, 0, 251, 0, 0, 0, 0, 0, 0, 0, 0, 0, 55, 306
"c:\Users\mathew.macharia\OneDrive - Ashesi University\personal projects\vegas_backup\copy_24\vegas_inc\frontend\index.html", "HTML", 0, 0, 0, 0, 0, 0, 0, 0, 13, 0, 0, 0, 1, 14
"c:\Users\mathew.macharia\OneDrive - Ashesi University\personal projects\vegas_backup\copy_24\vegas_inc\frontend\jsconfig.json", "JSON with Comments", 0, 0, 0, 0, 0, 0, 0, 34, 0, 0, 0, 0, 1, 35
"c:\Users\mathew.macharia\OneDrive - Ashesi University\personal projects\vegas_backup\copy_24\vegas_inc\frontend\package-lock.json", "JSON", 0, 0, 0, 0, 0, 0, 4929, 0, 0, 0, 0, 0, 1, 4930
"c:\Users\mathew.macharia\OneDrive - Ashesi University\personal projects\vegas_backup\copy_24\vegas_inc\frontend\package.json", "JSON", 0, 0, 0, 0, 0, 0, 33, 0, 0, 0, 0, 0, 1, 34
"c:\Users\mathew.macharia\OneDrive - Ashesi University\personal projects\vegas_backup\copy_24\vegas_inc\frontend\postcss.config.js", "JavaScript", 0, 6, 0, 0, 0, 0, 0, 0, 0, 0, 0, 0, 0, 6
"c:\Users\mathew.macharia\OneDrive - Ashesi University\personal projects\vegas_backup\copy_24\vegas_inc\frontend\src\App.vue", "vue", 0, 0, 0, 456, 0, 0, 0, 0, 0, 0, 0, 32, 37, 525
"c:\Users\mathew.macharia\OneDrive - Ashesi University\personal projects\vegas_backup\copy_24\vegas_inc\frontend\src\assets\base.css", "PostCSS", 0, 0, 0, 0, 0, 0, 0, 0, 0, 71, 0, 2, 14, 87
"c:\Users\mathew.macharia\OneDrive - Ashesi University\personal projects\vegas_backup\copy_24\vegas_inc\frontend\src\assets\illustrations\login.svg", "XML", 0, 0, 0, 0, 0, 0, 0, 0, 0, 0, 1, 0, 0, 1
"c:\Users\mathew.macharia\OneDrive - Ashesi University\personal projects\vegas_backup\copy_24\vegas_inc\frontend\src\assets\illustrations\registration.svg", "XML", 0, 0, 0, 0, 0, 0, 0, 0, 0, 0, 1, 0, 0, 1
"c:\Users\mathew.macharia\OneDrive - Ashesi University\personal projects\vegas_backup\copy_24\vegas_inc\frontend\src\assets\logo.svg", "XML", 0, 0, 0, 0, 0, 0, 0, 0, 0, 0, 1, 0, 1, 2
"c:\Users\mathew.macharia\OneDrive - Ashesi University\personal projects\vegas_backup\copy_24\vegas_inc\frontend\src\assets\main.css", "PostCSS", 0, 0, 0, 0, 0, 0, 0, 0, 0, 88, 0, 4, 25, 117
"c:\Users\mathew.macharia\OneDrive - Ashesi University\personal projects\vegas_backup\copy_24\vegas_inc\frontend\src\components\FAQList.vue", "vue", 0, 0, 0, 200, 0, 0, 0, 0, 0, 0, 0, 5, 24, 229
"c:\Users\mathew.macharia\OneDrive - Ashesi University\personal projects\vegas_backup\copy_24\vegas_inc\frontend\src\components\FAQModal.vue", "vue", 0, 0, 0, 257, 0, 0, 0, 0, 0, 0, 0, 8, 27, 292
"c:\Users\mathew.macharia\OneDrive - Ashesi University\personal projects\vegas_backup\copy_24\vegas_inc\frontend\src\components\HelloWorld.vue", "vue", 0, 0, 0, 39, 0, 0, 0, 0, 0, 0, 0, 0, 6, 45
"c:\Users\mathew.macharia\OneDrive - Ashesi University\personal projects\vegas_backup\copy_24\vegas_inc\frontend\src\components\TheWelcome.vue", "vue", 0, 0, 0, 81, 0, 0, 0, 0, 0, 0, 0, 0, 14, 95
"c:\Users\mathew.macharia\OneDrive - Ashesi University\personal projects\vegas_backup\copy_24\vegas_inc\frontend\src\components\WelcomeItem.vue", "vue", 0, 0, 0, 76, 0, 0, 0, 0, 0, 0, 0, 0, 11, 87
"c:\Users\mathew.macharia\OneDrive - Ashesi University\personal projects\vegas_backup\copy_24\vegas_inc\frontend\src\components\admin\OrderDetailsModal.vue", "vue", 0, 0, 0, 337, 0, 0, 0, 0, 0, 0, 0, 8, 27, 372
"c:\Users\mathew.macharia\OneDrive - Ashesi University\personal projects\vegas_backup\copy_24\vegas_inc\frontend\src\components\admin\OrderStatusModal.vue", "vue", 0, 0, 0, 125, 0, 0, 0, 0, 0, 0, 0, 3, 18, 146
"c:\Users\mathew.macharia\OneDrive - Ashesi University\personal projects\vegas_backup\copy_24\vegas_inc\frontend\src\components\admin\PaymentStatusModal.vue", "vue", 0, 0, 0, 163, 0, 0, 0, 0, 0, 0, 0, 4, 23, 190
"c:\Users\mathew.macharia\OneDrive - Ashesi University\personal projects\vegas_backup\copy_24\vegas_inc\frontend\src\components\admin\UserDetailsModal.vue", "vue", 0, 0, 0, 111, 0, 0, 0, 0, 0, 0, 0, 3, 13, 127
"c:\Users\mathew.macharia\OneDrive - Ashesi University\personal projects\vegas_backup\copy_24\vegas_inc\frontend\src\components\admin\UserModal.vue", "vue", 0, 0, 0, 183, 0, 0, 0, 0, 0, 0, 0, 4, 23, 210
"c:\Users\mathew.macharia\OneDrive - Ashesi University\personal projects\vegas_backup\copy_24\vegas_inc\frontend\src\components\common\ConfirmModal.vue", "vue", 0, 0, 0, 52, 0, 0, 0, 0, 0, 0, 0, 4, 6, 62
"c:\Users\mathew.macharia\OneDrive - Ashesi University\personal projects\vegas_backup\copy_24\vegas_inc\frontend\src\components\common\ReviewCard.vue", "vue", 0, 0, 0, 159, 0, 0, 0, 0, 0, 0, 0, 6, 17, 182
"c:\Users\mathew.macharia\OneDrive - Ashesi University\personal projects\vegas_backup\copy_24\vegas_inc\frontend\src\components\common\ReviewModal.vue", "vue", 0, 0, 0, 190, 0, 0, 0, 0, 0, 0, 0, 9, 24, 223
"c:\Users\mathew.macharia\OneDrive - Ashesi University\personal projects\vegas_backup\copy_24\vegas_inc\frontend\src\components\farmer\CreateProductModal.vue", "vue", 0, 0, 0, 133, 0, 0, 0, 0, 0, 0, 0, 6, 14, 153
"c:\Users\mathew.macharia\OneDrive - Ashesi University\personal projects\vegas_backup\copy_24\vegas_inc\frontend\src\components\farmer\FarmDetailsModal.vue", "vue", 0, 0, 0, 172, 0, 0, 0, 0, 0, 0, 0, 8, 20, 200
"c:\Users\mathew.macharia\OneDrive - Ashesi University\personal projects\vegas_backup\copy_24\vegas_inc\frontend\src\components\farmer\FarmModal.vue", "vue", 0, 0, 0, 348, 0, 0, 0, 0, 0, 0, 0, 14, 33, 395
"c:\Users\mathew.macharia\OneDrive - Ashesi University\personal projects\vegas_backup\copy_24\vegas_inc\frontend\src\components\farmer\OrderDetailsModal.vue", "vue", 0, 0, 0, 278, 0, 0, 0, 0, 0, 0, 0, 10, 39, 327
"c:\Users\mathew.macharia\OneDrive - Ashesi University\personal projects\vegas_backup\copy_24\vegas_inc\frontend\src\components\farmer\PayoutRequestModal.vue", "vue", 0, 0, 0, 162, 0, 0, 0, 0, 0, 0, 0, 0, 12, 174
"c:\Users\mathew.macharia\OneDrive - Ashesi University\personal projects\vegas_backup\copy_24\vegas_inc\frontend\src\components\farmer\ProductListingModal.vue", "vue", 0, 0, 0, 250, 0, 0, 0, 0, 0, 0, 0, 9, 25, 284
"c:\Users\mathew.macharia\OneDrive - Ashesi University\personal projects\vegas_backup\copy_24\vegas_inc\frontend\src\components\icons\IconCommunity.vue", "vue", 0, 0, 0, 7, 0, 0, 0, 0, 0, 0, 0, 0, 1, 8
"c:\Users\mathew.macharia\OneDrive - Ashesi University\personal projects\vegas_backup\copy_24\vegas_inc\frontend\src\components\icons\IconDocumentation.vue", "vue", 0, 0, 0, 7, 0, 0, 0, 0, 0, 0, 0, 0, 1, 8
"c:\Users\mathew.macharia\OneDrive - Ashesi University\personal projects\vegas_backup\copy_24\vegas_inc\frontend\src\components\icons\IconEcosystem.vue", "vue", 0, 0, 0, 7, 0, 0, 0, 0, 0, 0, 0, 0, 1, 8
"c:\Users\mathew.macharia\OneDrive - Ashesi University\personal projects\vegas_backup\copy_24\vegas_inc\frontend\src\components\icons\IconSupport.vue", "vue", 0, 0, 0, 7, 0, 0, 0, 0, 0, 0, 0, 0, 1, 8
"c:\Users\mathew.macharia\OneDrive - Ashesi University\personal projects\vegas_backup\copy_24\vegas_inc\frontend\src\components\icons\IconTooling.vue", "vue", 0, 0, 0, 18, 0, 0, 0, 0, 0, 0, 0, 1, 1, 20
"c:\Users\mathew.macharia\OneDrive - Ashesi University\personal projects\vegas_backup\copy_24\vegas_inc\frontend\src\components\rider\LocationUpdateModal.vue", "vue", 0, 0, 0, 177, 0, 0, 0, 0, 0, 0, 0, 6, 19, 202
"c:\Users\mathew.macharia\OneDrive - Ashesi University\personal projects\vegas_backup\copy_24\vegas_inc\frontend\src\components\rider\ProblemReportModal.vue", "vue", 0, 0, 0, 135, 0, 0, 0, 0, 0, 0, 0, 6, 14, 155
"c:\Users\mathew.macharia\OneDrive - Ashesi University\personal projects\vegas_backup\copy_24\vegas_inc\frontend\src\components\support\AssignTicketModal.vue", "vue", 0, 0, 0, 48, 0, 0, 0, 0, 0, 0, 0, 0, 7, 55
"c:\Users\mathew.macharia\OneDrive - Ashesi University\personal projects\vegas_backup\copy_24\vegas_inc\frontend\src\components\support\ResolutionNotesModal.vue", "vue", 0, 0, 0, 44, 0, 0, 0, 0, 0, 0, 0, 0, 7, 51
"c:\Users\mathew.macharia\OneDrive - Ashesi University\personal projects\vegas_backup\copy_24\vegas_inc\frontend\src\components\support\SupportTicketModal.vue", "vue", 0, 0, 0, 363, 0, 0, 0, 0, 0, 0, 0, 11, 45, 419
"c:\Users\mathew.macharia\OneDrive - Ashesi University\personal projects\vegas_backup\copy_24\vegas_inc\frontend\src\components\support\TicketCard.vue", "vue", 0, 0, 0, 166, 0, 0, 0, 0, 0, 0, 0, 7, 20, 193
"c:\Users\mathew.macharia\OneDrive - Ashesi University\personal projects\vegas_backup\copy_24\vegas_inc\frontend\src\main.js", "JavaScript", 0, 10, 0, 0, 0, 0, 0, 0, 0, 0, 0, 1, 3, 14
"c:\Users\mathew.macharia\OneDrive - Ashesi University\personal projects\vegas_backup\copy_24\vegas_inc\frontend\src\router\index.js", "JavaScript", 0, 528, 0, 0, 0, 0, 0, 0, 0, 0, 0, 26, 25, 579
"c:\Users\mathew.macharia\OneDrive - Ashesi University\personal projects\vegas_backup\copy_24\vegas_inc\frontend\src\services\api.js", "JavaScript", 0, 794, 0, 0, 0, 0, 0, 0, 0, 0, 0, 41, 173, 1008
"c:\Users\mathew.macharia\OneDrive - Ashesi University\personal projects\vegas_backup\copy_24\vegas_inc\frontend\src\stores\auth.js", "JavaScript", 0, 245, 0, 0, 0, 0, 0, 0, 0, 0, 0, 25, 34, 304
"c:\Users\mathew.macharia\OneDrive - Ashesi University\personal projects\vegas_backup\copy_24\vegas_inc\frontend\src\views\AboutView.vue", "vue", 0, 0, 0, 14, 0, 0, 0, 0, 0, 0, 0, 0, 2, 16
"c:\Users\mathew.macharia\OneDrive - Ashesi University\personal projects\vegas_backup\copy_24\vegas_inc\frontend\src\views\HomePage.vue", "vue", 0, 0, 0, 401, 0, 0, 0, 0, 0, 0, 0, 15, 48, 464
"c:\Users\mathew.macharia\OneDrive - Ashesi University\personal projects\vegas_backup\copy_24\vegas_inc\frontend\src\views\HomeView.vue", "vue", 0, 0, 0, 8, 0, 0, 0, 0, 0, 0, 0, 0, 2, 10
"c:\Users\mathew.macharia\OneDrive - Ashesi University\personal projects\vegas_backup\copy_24\vegas_inc\frontend\src\views\ProfilePage.vue", "vue", 0, 0, 0, 484, 0, 0, 0, 0, 0, 0, 0, 5, 56, 545
"c:\Users\mathew.macharia\OneDrive - Ashesi University\personal projects\vegas_backup\copy_24\vegas_inc\frontend\src\views\admin\AdminDashboard.vue", "vue", 0, 0, 0, 500, 0, 0, 0, 0, 0, 0, 0, 6, 35, 541
"c:\Users\mathew.macharia\OneDrive - Ashesi University\personal projects\vegas_backup\copy_24\vegas_inc\frontend\src\views\admin\DeliveriesManagement.vue", "vue", 0, 0, 0, 490, 0, 0, 0, 0, 0, 0, 0, 12, 50, 552
"c:\Users\mathew.macharia\OneDrive - Ashesi University\personal projects\vegas_backup\copy_24\vegas_inc\frontend\src\views\admin\OrdersManagement.vue", "vue", 0, 0, 0, 711, 0, 0, 0, 0, 0, 0, 0, 16, 60, 787
"c:\Users\mathew.macharia\OneDrive - Ashesi University\personal projects\vegas_backup\copy_24\vegas_inc\frontend\src\views\admin\PayoutsManagement.vue", "vue", 0, 0, 0, 674, 0, 0, 0, 0, 0, 0, 0, 15, 63, 752
"c:\Users\mathew.macharia\OneDrive - Ashesi University\personal projects\vegas_backup\copy_24\vegas_inc\frontend\src\views\admin\ReviewsManagement.vue", "vue", 0, 0, 0, 460, 0, 0, 0, 0, 0, 0, 0, 7, 39, 506
"c:\Users\mathew.macharia\OneDrive - Ashesi University\personal projects\vegas_backup\copy_24\vegas_inc\frontend\src\views\admin\SupportManagement.vue", "vue", 0, 0, 0, 563, 0, 0, 0, 0, 0, 0, 0, 14, 52, 629
"c:\Users\mathew.macharia\OneDrive - Ashesi University\personal projects\vegas_backup\copy_24\vegas_inc\frontend\src\views\admin\SystemSettings.vue", "vue", 0, 0, 0, 546, 0, 0, 0, 0, 0, 0, 0, 11, 30, 587
"c:\Users\mathew.macharia\OneDrive - Ashesi University\personal projects\vegas_backup\copy_24\vegas_inc\frontend\src\views\admin\UsersManagement.vue", "vue", 0, 0, 0, 598, 0, 0, 0, 0, 0, 0, 0, 12, 48, 658
"c:\Users\mathew.macharia\OneDrive - Ashesi University\personal projects\vegas_backup\copy_24\vegas_inc\frontend\src\views\auth\LoginPage.vue", "vue", 0, 0, 0, 180, 0, 0, 0, 0, 0, 0, 0, 0, 20, 200
"c:\Users\mathew.macharia\OneDrive - Ashesi University\personal projects\vegas_backup\copy_24\vegas_inc\frontend\src\views\auth\RegisterPage.vue", "vue", 0, 0, 0, 335, 0, 0, 0, 0, 0, 0, 0, 1, 30, 366
"c:\Users\mathew.macharia\OneDrive - Ashesi University\personal projects\vegas_backup\copy_24\vegas_inc\frontend\src\views\common\NotificationsPage.vue", "vue", 0, 0, 0, 299, 0, 0, 0, 0, 0, 0, 0, 9, 33, 341
"c:\Users\mathew.macharia\OneDrive - Ashesi University\personal projects\vegas_backup\copy_24\vegas_inc\frontend\src\views\customer\CartPage.vue", "vue", 0, 0, 0, 302, 0, 0, 0, 0, 0, 0, 0, 15, 37, 354
"c:\Users\mathew.macharia\OneDrive - Ashesi University\personal projects\vegas_backup\copy_24\vegas_inc\frontend\src\views\customer\CheckoutPage.vue", "vue", 0, 0, 0, 960, 0, 0, 0, 0, 0, 0, 0, 33, 111, 1104
"c:\Users\mathew.macharia\OneDrive - Ashesi University\personal projects\vegas_backup\copy_24\vegas_inc\frontend\src\views\customer\CustomerDashboard.vue", "vue", 0, 0, 0, 429, 0, 0, 0, 0, 0, 0, 0, 5, 40, 474
"c:\Users\mathew.macharia\OneDrive - Ashesi University\personal projects\vegas_backup\copy_24\vegas_inc\frontend\src\views\customer\OrderDetail.vue", "vue", 0, 0, 0, 535, 0, 0, 0, 0, 0, 0, 0, 18, 59, 612
"c:\Users\mathew.macharia\OneDrive - Ashesi University\personal projects\vegas_backup\copy_24\vegas_inc\frontend\src\views\customer\OrdersPage.vue", "vue", 0, 0, 0, 487, 0, 0, 0, 0, 0, 0, 0, 13, 60, 560
"c:\Users\mathew.macharia\OneDrive - Ashesi University\personal projects\vegas_backup\copy_24\vegas_inc\frontend\src\views\customer\ProductDetail.vue", "vue", 0, 0, 0, 311, 0, 0, 0, 0, 0, 0, 0, 14, 34, 359
"c:\Users\mathew.macharia\OneDrive - Ashesi University\personal projects\vegas_backup\copy_24\vegas_inc\frontend\src\views\customer\ProductsPage.vue", "vue", 0, 0, 0, 604, 0, 0, 0, 0, 0, 0, 0, 23, 61, 688
"c:\Users\mathew.macharia\OneDrive - Ashesi University\personal projects\vegas_backup\copy_24\vegas_inc\frontend\src\views\customer\ReviewsPage.vue", "vue", 0, 0, 0, 360, 0, 0, 0, 0, 0, 0, 0, 15, 37, 412
"c:\Users\mathew.macharia\OneDrive - Ashesi University\personal projects\vegas_backup\copy_24\vegas_inc\frontend\src\views\customer\SupportPage.vue", "vue", 0, 0, 0, 370, 0, 0, 0, 0, 0, 0, 0, 7, 40, 417
"c:\Users\mathew.macharia\OneDrive - Ashesi University\personal projects\vegas_backup\copy_24\vegas_inc\frontend\src\views\farmer\FarmDetail.vue", "vue", 0, 0, 0, 18, 0, 0, 0, 0, 0, 0, 0, 0, 1, 19
"c:\Users\mathew.macharia\OneDrive - Ashesi University\personal projects\vegas_backup\copy_24\vegas_inc\frontend\src\views\farmer\FarmerDashboard.vue", "vue", 0, 0, 0, 676, 0, 0, 0, 0, 0, 0, 0, 17, 79, 772
"c:\Users\mathew.macharia\OneDrive - Ashesi University\personal projects\vegas_backup\copy_24\vegas_inc\frontend\src\views\farmer\FarmerOrdersPage.vue", "vue", 0, 0, 0, 614, 0, 0, 0, 0, 0, 0, 0, 26, 82, 722
"c:\Users\mathew.macharia\OneDrive - Ashesi University\personal projects\vegas_backup\copy_24\vegas_inc\frontend\src\views\farmer\FarmsPage.vue", "vue", 0, 0, 0, 236, 0, 0, 0, 0, 0, 0, 0, 11, 26, 273
"c:\Users\mathew.macharia\OneDrive - Ashesi University\personal projects\vegas_backup\copy_24\vegas_inc\frontend\src\views\farmer\MarketInsightsPage.vue", "vue", 0, 0, 0, 356, 0, 0, 0, 0, 0, 0, 0, 8, 33, 397
"c:\Users\mathew.macharia\OneDrive - Ashesi University\personal projects\vegas_backup\copy_24\vegas_inc\frontend\src\views\farmer\PayoutsPage.vue", "vue", 0, 0, 0, 446, 0, 0, 0, 0, 0, 0, 0, 11, 35, 492
"c:\Users\mathew.macharia\OneDrive - Ashesi University\personal projects\vegas_backup\copy_24\vegas_inc\frontend\src\views\farmer\ProductListingCreatePage.vue", "vue", 0, 0, 0, 388, 0, 0, 0, 0, 0, 0, 0, 12, 39, 439
"c:\Users\mathew.macharia\OneDrive - Ashesi University\personal projects\vegas_backup\copy_24\vegas_inc\frontend\src\views\farmer\ProductListingsPage.vue", "vue", 0, 0, 0, 513, 0, 0, 0, 0, 0, 0, 0, 21, 50, 584
"c:\Users\mathew.macharia\OneDrive - Ashesi University\personal projects\vegas_backup\copy_24\vegas_inc\frontend\src\views\farmer\SupportPage.vue", "vue", 0, 0, 0, 399, 0, 0, 0, 0, 0, 0, 0, 8, 37, 444
"c:\Users\mathew.macharia\OneDrive - Ashesi University\personal projects\vegas_backup\copy_24\vegas_inc\frontend\src\views\rider\DeliveriesPage.vue", "vue", 0, 0, 0, 458, 0, 0, 0, 0, 0, 0, 0, 19, 51, 528
"c:\Users\mathew.macharia\OneDrive - Ashesi University\personal projects\vegas_backup\copy_24\vegas_inc\frontend\src\views\rider\DeliveryDetail.vue", "vue", 0, 0, 0, 396, 0, 0, 0, 0, 0, 0, 0, 14, 36, 446
"c:\Users\mathew.macharia\OneDrive - Ashesi University\personal projects\vegas_backup\copy_24\vegas_inc\frontend\src\views\rider\RiderDashboard.vue", "vue", 0, 0, 0, 498, 0, 0, 0, 0, 0, 0, 0, 11, 45, 554
"c:\Users\mathew.macharia\OneDrive - Ashesi University\personal projects\vegas_backup\copy_24\vegas_inc\frontend\src\views\rider\SupportPage.vue", "vue", 0, 0, 0, 484, 0, 0, 0, 0, 0, 0, 0, 11, 42, 537
"c:\Users\mathew.macharia\OneDrive - Ashesi University\personal projects\vegas_backup\copy_24\vegas_inc\frontend\tailwind.config.js", "JavaScript", 0, 31, 0, 0, 0, 0, 0, 0, 0, 0, 0, 1, 0, 32
"c:\Users\mathew.macharia\OneDrive - Ashesi University\personal projects\vegas_backup\copy_24\vegas_inc\frontend\vite.config.js", "JavaScript", 0, 23, 0, 0, 0, 0, 0, 0, 0, 0, 0, 1, 3, 27
"Total", "-", 17768, 1637, 5387, 20854, 10, 31, 4962, 34, 13, 159, 3, 3928, 7783, 62569